시도,활동,신생,소멸,상용_월평균_임금,임금상승률,"협회 및 단체, 수리 및 기타 개인서비스업_활동","협회 및 단체, 수리 및 기타 개인서비스업_신생","협회 및 단체, 수리 및 기타 개인서비스업_소멸","예술, 스포츠 및 여가관련 서비스업_활동","예술, 스포츠 및 여가관련 서비스업_신생","예술, 스포츠 및 여가관련 서비스업_소멸",보건업 및 사회복지 서비스업_활동,보건업 및 사회복지 서비스업_신생,보건업 및 사회복지 서비스업_소멸,교육서비스업_활동,교육서비스업_신생,교육서비스업_소멸,"사업 시설관리, 사업지원 및 임대 서비스업_활동","사업 시설관리, 사업지원 및 임대 서비스업_신생","사업 시설관리, 사업지원 및 임대 서비스업_소멸","전문, 과학 및 기술서비스업_활동","전문, 과학 및 기술서비스업_신생","전문, 과학 및 기술서비스업_소멸",부동산업_활동,부동산업_신생,부동산업_소멸,금융 및 보험업_활동,금융 및 보험업_신생,금융 및 보험업_소멸,정보통신업_활동,정보통신업_신생,정보통신업_소멸,숙박 및 음식점업_활동,숙박 및 음식점업_신생,숙박 및 음식점업_소멸,운수 및 창고업_활동,운수 및 창고업_신생,운수 및 창고업_소멸,도매 및 소매업_활동,도매 및 소매업_신생,도매 및 소매업_소멸,건설업_활동,건설업_신생,건설업_소멸,"수도, 하수 및 폐기물처리, 원료재생업_활동","수도, 하수 및 폐기물처리, 원료재생업_신생","수도, 하수 및 폐기물처리, 원료재생업_소멸","전기, 가스, 증기 및 공기조절 공급업_활동","전기, 가스, 증기 및 공기조절 공급업_신생","전기, 가스, 증기 및 공기조절 공급업_소멸",제조업_활동,제조업_신생,제조업_소멸,광업_활동,광업_신생,광업_소멸
서울특별시,1258829,168425,150812,3168798.0,5.4,47929,5870,6229,24426,4488,4716,18641,1666,1389,28184,5989,4749,23485,4101,3098,50982,8306,5879,326126,33626,28504,10047,2554,2062,36545,6699,4883,137881,26113,25209,103449,8165,7232,319355,48097,45519,56983,5311,4902,500,27,27,163,45,9,74080,7362,6401,53,6,4
부산광역시,370922,49110,43743,2520222.0,2.7,17554,1892,2093,6967,1146,1292,5023,394,280,8354,1802,1510,6450,1299,960,7228,1193,717,66224,9079,7247,1511,274,332,2078,484,350,50039,9566,9043,49282,2836,2727,95755,13902,12841,18852,1983,1625,470,37,30,39,14,1,35083,3208,2694,13,1,1
대구광역시,255803,33186,28898,2315945.0,2.3,11126,1400,1301,5129,862,929,3773,245,192,6666,1326,1188,4004,860,588,4872,646,394,43427,4842,3852,932,207,189,1517,275,224,33923,6486,6444,29496,1971,1641,66423,9981,9033,14192,1408,958,341,22,24,86,11,1,29884,2640,1936,12,4,4
인천광역시,278236,41563,37133,2609457.0,4.0,12099,1931,1769,6050,1218,1283,3263,298,223,5995,1342,1192,4305,965,716,4449,759,554,55944,6988,6142,751,166,171,1848,485,327,36180,7887,7369,34236,2848,2296,65210,11522,10732,16532,1926,1727,521,49,35,54,10,2,30778,3168,2594,21,1,1
광주광역시,142802,22274,19665,2417477.0,4.2,7586,1086,1086,3430,782,841,2186,221,166,4819,1008,775,2553,550,402,2896,429,314,23002,3356,2915,508,105,125,940,199,149,20400,4765,4499,15452,1181,794,38634,6342,5961,10688,1121,818,166,14,7,151,62,5,9376,1051,808,15,2,0
대전광역시,151948,22390,20716,2722674.0,3.0,7663,1034,979,3570,748,745,2339,173,129,4663,953,890,2688,551,460,3211,526,368,28927,3337,3198,541,109,152,1455,294,214,21808,4822,4571,15518,1217,1064,40373,6740,6387,9832,959,861,137,6,11,35,8,0,9185,913,687,3,0,0
울산광역시,107882,15349,13323,2834007.0,-3.5,5455,638,622,2660,416,487,1382,117,83,3349,694,556,2133,396,331,2622,526,232,18438,2154,1752,274,49,76,351,62,47,18643,3807,3639,12115,786,654,23629,3700,3355,7928,815,606,226,24,12,23,3,0,8637,1161,867,17,1,4
세종특별자치시,11658,2285,1435,0.0,0.0,456,61,56,213,51,50,115,15,5,264,72,54,180,42,21,219,64,28,2222,596,284,14,3,2,53,17,8,1826,452,287,1428,148,100,2393,426,364,1173,209,90,39,4,1,14,3,0,1040,121,84,9,1,1
경기도,1278338,187835,162467,2735767.0,3.1,53177,7730,7235,25085,5060,5072,14695,1402,1141,33182,7576,6822,19544,4185,3241,24048,4132,2927,303103,35757,29408,2957,757,749,13174,2953,2207,153330,32332,30203,129515,11748,8624,284398,49143,45169,69088,8586,7059,2272,225,189,310,91,13,150356,16149,12398,104,9,10
강원도,161152,19937,19940,2437051.0,3.2,8753,814,955,3652,619,674,1682,129,114,4168,776,837,2403,410,381,2311,313,204,24245,2352,2667,341,80,91,663,139,112,35201,6113,5838,12622,883,833,39469,5355,5455,17051,1102,990,407,25,30,142,43,9,7877,773,734,165,11,16
충청북도,160877,21984,20940,2513146.0,4.3,7935,934,1014,3439,681,710,1775,133,129,3953,722,724,2641,543,412,2350,326,235,25894,3282,3101,316,64,81,628,120,88,26719,5016,4963,17003,1148,1218,39433,6185,6117,14670,1177,966,447,40,32,225,77,3,13359,1531,1139,90,5,8
충청남도,200020,28374,24974,2734718.0,4.8,10160,1216,1171,3818,744,785,2393,197,175,4499,974,854,3189,719,552,2823,471,280,31735,4260,3527,373,88,93,726,173,121,34273,6578,6059,18759,1676,1382,50392,7662,7052,18473,1442,1242,500,33,36,285,80,9,17483,2047,1610,139,14,26
전라북도,171074,23150,20605,2406045.0,0.6,8602,924,974,2954,557,579,2402,198,123,4678,884,732,2536,478,342,2679,348,247,22675,2829,2721,404,117,113,645,111,91,25971,5158,4822,20078,1247,1041,47122,6935,6518,16214,1354,1032,378,30,32,1544,617,57,12096,1357,1166,96,6,15
전라남도,167320,21373,19645,2723586.0,2.3,8064,875,973,2896,520,570,1989,154,114,3471,647,594,1910,324,273,2191,288,162,18206,2288,2179,280,47,71,528,81,70,29272,5263,5097,21435,1431,1086,44927,6356,5943,17856,1295,1046,459,56,34,792,212,27,12439,1433,1344,605,103,62
경상북도,260586,33938,29859,2617508.0,2.8,13005,1434,1361,5037,844,893,2783,192,165,5983,1193,987,4039,806,647,3468,449,300,32705,4128,3449,472,111,100,942,199,148,46085,8132,7725,27937,1897,1566,63413,9127,8441,23728,1724,1328,776,71,49,342,88,10,29671,3525,2663,200,18,27
경상남도,335284,47958,42146,2612430.0,2.5,15770,1978,1933,5832,1070,1178,3638,290,246,8877,1949,1530,4935,1056,774,6089,1152,623,48870,6033,5327,752,158,190,1128,193,156,58947,11663,10912,31279,2001,1817,78392,12612,11214,24845,1926,1532,804,65,72,252,74,12,44769,5724,4611,105,14,19
제주특별자치도,64751,9560,7964,2217146.0,3.8,3488,387,438,1493,222,246,755,70,39,1599,250,241,1523,258,250,993,152,85,9243,1335,982,123,24,27,345,73,57,13887,2989,2487,6841,432,392,16266,2633,2230,5490,501,276,96,6,6,41,11,1,2553,217,207,15,0,0
서울특별시,1285898,181516,187357,3199814.0,1.0,48403,6868,6262,24334,4708,4322,20123,1546,1008,29136,5718,4388,24572,4392,3120,54304,9562,5666,335740,37892,47061,10270,2081,1508,38009,6705,4517,142059,29498,25635,104709,8750,30201,321817,50223,42959,56813,5629,4389,506,35,31,213,62,12,74839,7841,6269,51,6,9
부산광역시,381957,55145,49300,2558970.0,1.5,17935,2519,2107,6890,1259,1160,5384,389,218,8572,1751,1263,6662,1224,933,7924,1395,758,70602,11401,12730,1464,293,322,2257,514,335,51762,10858,9575,49694,3220,2781,97120,14569,12824,19491,2346,1557,467,37,18,66,24,2,35654,3345,2715,13,1,2
대구광역시,264875,39148,34878,2352273.0,1.6,11646,1862,1453,5206,1029,928,3940,244,130,6901,1428,1064,4223,837,659,5199,738,439,46871,7142,9213,874,135,147,1614,319,209,35310,7845,6634,29672,2339,1887,67666,10744,8997,14757,1659,1099,344,30,19,118,33,2,30523,2761,1995,11,3,3
인천광역시,286863,45562,46934,2637047.0,1.1,12445,2114,1698,6133,1359,1247,3481,292,150,6299,1479,1049,4709,1123,759,4818,880,512,58362,8417,9625,788,219,157,2106,556,360,37526,8747,7334,34969,2990,9898,66404,11938,10114,17074,2342,1675,538,55,34,71,19,6,31119,3031,2315,21,1,1
광주광역시,147975,25014,22533,2493312.0,3.1,7757,1299,1090,3361,776,736,2345,234,143,5171,1128,911,2758,608,441,3125,549,297,24417,4251,5112,525,146,101,985,189,139,21258,5367,4615,15881,1131,1652,39256,6781,5653,10909,1253,788,186,24,18,282,111,6,9738,1162,826,21,5,5
대전광역시,158252,27477,23216,2805150.0,3.0,7994,1342,971,3768,959,772,2509,185,119,4834,1078,838,2882,681,520,3463,620,364,31252,5407,5909,483,100,101,1553,326,225,22880,5709,4705,16073,1674,967,40794,7085,6129,10086,1263,823,138,11,9,75,31,3,9464,1006,760,4,0,1
울산광역시,112595,17821,16113,2952210.0,4.2,5632,822,696,2712,529,505,1475,108,63,3479,681,558,2259,454,329,3034,603,301,19742,3000,3842,293,92,67,382,73,54,19401,4400,3761,12284,800,719,24180,4020,3504,8249,801,617,226,10,14,32,7,1,9199,1419,1080,16,2,2
세종특별자치시,14500,3859,1864,0.0,0.0,513,106,57,241,80,39,157,41,8,325,107,65,213,53,42,275,75,16,3541,1543,558,14,2,3,86,22,15,2231,670,373,1493,152,98,2746,653,405,1463,184,93,40,2,0,36,19,1,1118,150,91,8,0,0
경기도,1329135,208051,187472,2784899.0,1.8,55041,9149,7309,25506,5508,4830,15564,1309,723,33317,7030,5368,21238,4842,3506,26164,4779,3058,319323,44855,55589,2964,759,669,14219,3060,2063,159788,36735,30457,133052,12041,11406,292716,51661,43247,72503,9510,6946,2299,220,154,582,264,17,154756,16319,12119,103,10,11
강원도,163887,22065,20822,2483529.0,1.9,8904,1112,1036,3647,673,631,1737,115,68,4018,684,630,2500,455,390,2497,376,218,24941,3264,4259,322,74,74,697,138,103,35987,6493,5702,12895,1050,915,39321,5432,5131,17568,1211,920,401,26,24,246,105,9,8041,845,697,165,12,15
충청북도,166442,26193,22041,2535148.0,0.9,8169,1237,1001,3463,758,651,1899,177,84,4068,846,548,2745,523,400,2503,372,240,27567,4686,5322,324,94,70,665,129,90,27841,6079,4820,17306,1511,1103,39796,6539,5467,15167,1339,921,451,32,23,483,237,11,13908,1628,1280,87,6,10
충청남도,207960,32520,28989,2841711.0,3.9,10508,1527,1259,3864,831,741,2470,204,124,4580,947,749,3464,811,582,3040,492,290,34108,5749,7133,338,65,54,794,172,127,35900,7692,6275,19208,1746,1410,51336,8001,7160,18732,1606,1281,521,47,31,605,306,19,18365,2309,1733,127,15,21
전라북도,178892,28371,22729,2462123.0,2.3,8977,1349,1036,3089,722,614,2529,181,109,5031,1075,763,2673,488,345,2879,440,217,24409,4340,4478,358,69,82,701,146,134,27118,5944,4845,20177,1261,1129,48099,7545,6570,16592,1518,1134,374,26,19,3246,1708,84,12549,1550,1159,91,9,11
전라남도,173284,25232,22117,2780187.0,2.1,8301,1247,990,2903,582,608,2044,138,90,3591,701,568,2074,415,302,2392,347,202,19398,3243,4057,264,53,53,573,107,89,30385,6202,5249,22006,1430,1181,45746,6799,6090,17971,1240,1027,474,52,35,1622,824,37,12874,1728,1433,666,124,106
경상북도,271397,39823,34020,2703967.0,3.3,13518,1896,1492,5153,1022,943,2854,189,112,6355,1341,972,4296,935,723,3655,466,296,35717,6252,6708,467,95,100,981,197,148,48211,9820,8034,28765,2029,1600,64515,9728,8401,24508,1832,1471,790,62,58,668,311,17,30749,3626,2914,195,22,31
경상남도,347170,54236,47184,2678468.0,2.5,16242,2426,1965,5891,1248,1165,3830,310,164,9524,2185,1725,5386,1192,835,6764,1284,645,52440,8695,10026,707,150,124,1182,210,175,61021,13055,11241,31329,2124,1743,79711,12751,11077,25462,2142,1571,819,86,69,482,228,15,46285,6140,4634,95,10,10
제주특별자치도,67685,10756,8947,2244777.0,1.2,3460,412,404,1519,256,257,809,80,34,1669,308,215,1608,342,198,1115,196,79,10064,1741,2002,116,19,13,364,67,53,14776,3376,2556,6877,440,356,16547,2581,2191,5929,612,341,102,11,14,114,75,4,2601,240,230,15,0,0
서울특별시,1251731,170463,138643,3261561.0,1.9,48711,6929,5614,24520,4851,4104,18683,1282,898,29850,5389,4307,25858,4558,3105,56881,8699,5534,322964,37462,28911,10890,1925,1325,39912,6856,4362,142098,26865,24441,78517,7894,6443,319748,44599,39416,57516,6032,4313,506,37,25,261,60,14,74768,7019,5826,48,6,5
부산광역시,383012,52489,42679,2620611.0,2.4,18101,2361,1992,6687,1023,1070,5172,339,208,9052,1729,1366,7170,1453,1018,8477,1290,816,68962,11612,7754,1319,194,222,2440,506,341,51915,10162,9207,49669,3128,2548,96928,13133,11760,20603,2414,1664,483,36,31,85,18,4,35937,3090,2678,12,1,0
대구광역시,264637,36758,28626,2415995.0,2.7,11861,1700,1302,5083,867,809,3842,209,98,7219,1364,973,4472,908,669,5460,702,423,43894,6671,4461,841,125,128,1738,332,228,35780,7356,6379,29742,2232,1831,67697,9664,8264,15450,1844,1062,343,18,18,168,49,3,31041,2717,1978,6,0,0
인천광역시,282700,44950,35241,2723424.0,3.3,12893,2181,1553,6198,1404,1203,3381,266,147,6619,1403,1013,5221,1259,910,5151,869,550,57073,8758,5802,793,180,166,2272,514,339,38722,8679,7579,27038,2789,2219,67454,11394,9543,17860,2470,1763,555,50,45,102,32,6,31343,2698,2400,25,4,3
광주광역시,144550,23653,18533,2562254.0,2.8,7989,1345,1030,3329,729,653,2256,192,116,5102,882,693,2804,497,362,3354,535,294,22964,3956,2651,479,63,69,1012,167,116,21736,5196,4443,11904,1195,1202,39793,6342,5265,11185,1276,769,179,12,18,539,214,11,9906,1050,836,19,2,5
대전광역시,156767,23243,19038,2857131.0,1.9,8196,1186,935,3746,778,749,2411,161,115,4783,826,793,2935,584,462,3603,534,353,29275,4228,3059,475,100,79,1668,349,222,23201,5147,4461,15998,1165,854,40471,6128,5513,10209,1126,748,138,8,6,96,16,3,9554,904,685,8,3,1
울산광역시,113449,17572,14010,3084932.0,4.5,5676,798,569,2611,449,439,1423,97,52,3590,697,546,2524,614,431,3211,478,418,18520,2784,2011,262,48,53,449,115,61,19883,4347,3670,12395,933,684,24283,3714,3188,8720,1008,656,234,25,12,56,20,3,9597,1443,1214,15,2,3
세종특별자치시,17699,4839,2099,0.0,0.0,620,142,62,321,112,59,204,60,7,541,262,104,284,85,45,366,96,39,5020,1970,567,16,5,3,128,39,22,2706,841,468,1570,145,99,3126,712,422,1463,179,108,43,4,2,61,23,2,1223,164,90,7,0,0
경기도,1341782,204842,157360,2853670.0,2.5,56755,9248,6834,25861,5491,4583,14971,1163,687,35021,7200,5418,23107,5288,3709,27892,4554,2966,306809,45496,31695,2970,634,562,15728,3230,2142,162938,34802,30364,132496,11970,7791,298481,49285,41558,76971,10526,7047,2318,167,160,899,309,36,158467,15470,11797,98,9,11
강원도,164455,22499,18375,2569139.0,3.4,8994,1150,925,3617,655,581,1695,117,73,4139,759,604,2593,488,357,2605,323,234,24036,3444,2621,327,84,56,730,125,94,36554,6526,5620,12638,864,673,39534,5570,4894,17828,1351,894,391,15,29,447,199,9,8167,824,693,160,5,18
충청북도,168344,24341,19385,2631387.0,3.8,8277,1137,886,3524,733,605,1822,131,86,4292,782,690,2997,658,474,2597,328,241,26009,3990,2949,324,58,43,709,132,97,28579,5724,4880,17847,1466,1044,40081,5944,5305,15654,1360,886,456,34,22,822,320,19,14273,1537,1148,81,7,10
충청남도,210211,32105,24934,2937394.0,3.4,10693,1478,1137,3978,884,753,2393,161,106,4787,983,755,3785,896,643,3190,443,265,31714,5019,3790,379,100,76,817,166,112,36731,7291,6330,19684,2046,1325,51735,7772,6657,19329,1788,1262,514,27,34,1470,853,34,18888,2181,1638,124,17,17
전라북도,182152,26835,20187,2547426.0,3.5,9239,1294,942,3113,659,525,2491,177,103,5113,881,626,2894,578,365,3078,410,252,23324,3578,2752,330,61,56,713,134,105,28118,5901,4893,20265,1479,1086,48641,7183,6085,16831,1494,1081,380,29,18,4726,1513,140,12814,1458,1150,82,6,8
전라남도,176148,26138,19336,2856750.0,2.8,8543,1223,931,2840,558,487,2009,144,95,3823,802,602,2222,446,304,2551,369,211,18461,3283,2407,256,51,48,619,124,78,31183,6152,4984,21794,1464,1107,46260,6819,5536,18312,1490,979,483,38,30,3032,1422,93,13119,1674,1354,641,79,90
경상북도,275538,38942,30485,2776589.0,2.7,13782,1791,1324,5103,919,809,2804,211,116,6440,1104,858,4582,1065,799,3839,479,301,33908,5161,3875,466,95,74,1004,185,117,49478,9639,8167,29489,2339,1663,65642,9675,7918,25381,2106,1419,802,75,54,1222,539,24,31414,3544,2947,182,15,20
경상남도,349440,51539,42977,2765647.0,3.3,16504,2284,1816,5738,1050,1027,3735,257,175,9524,1794,1584,6565,1994,1132,7184,1070,767,50452,8314,5879,699,135,148,1198,193,161,61799,12349,10775,31519,2252,1720,79950,11822,11073,26338,2457,1684,807,58,60,732,254,15,46603,5249,4953,93,7,8
제주특별자치도,70949,11994,8216,2293505.0,2.2,3510,453,351,1478,217,208,820,67,45,1837,387,243,1767,361,234,1254,199,100,10298,2236,1210,135,28,23,402,75,37,15960,3734,2737,7074,541,381,16853,2526,2104,6551,762,362,92,5,6,238,123,4,2665,280,171,15,0,0
서울특별시,1289357,185666,133687,3364470.0,3.2,50583,7724,5667,26630,6376,4293,18974,1354,899,30685,5325,4121,26852,4357,2931,60948,10121,5780,336536,44013,27238,11734,2058,1491,42162,7096,4354,143334,26898,23953,83941,12221,6350,322127,44997,36901,59172,6297,4177,512,38,32,293,43,12,74827,6743,5482,47,5,6
부산광역시,392807,53972,41256,2694140.0,2.8,18839,2808,2061,7194,1627,1122,5265,334,196,9172,1531,1271,7643,1515,988,9035,1388,893,71932,10997,6964,1311,219,197,2576,478,354,53053,10641,9305,49861,3032,2488,98543,13686,11193,21729,2637,1608,493,39,27,89,9,7,36061,3031,2580,11,0,2
대구광역시,273432,38815,28203,2472297.0,2.3,12523,1973,1358,5626,1375,869,3966,247,139,7682,1436,1077,4751,958,635,5780,755,469,46658,7389,4198,843,158,126,1820,331,197,37096,7853,6682,29718,1960,1507,69134,10049,8015,16032,1872,1067,344,26,14,188,18,8,31262,2413,1838,9,2,4
인천광역시,296108,49099,34913,2839944.0,4.3,13907,2556,1716,7071,2102,1411,3457,257,145,6927,1341,1044,5606,1322,837,5604,961,593,61075,9972,5755,810,193,169,2548,569,394,39632,8660,7634,28259,3597,1963,69886,12107,9364,19124,2767,1717,539,41,42,118,23,3,31525,2631,2125,20,0,1
광주광역시,149461,24604,17785,2630845.0,2.7,8453,1495,1018,3620,981,659,2340,206,117,5329,940,832,3031,574,373,3590,570,325,24662,4363,2590,501,105,68,1113,216,161,22252,5062,4433,11496,1233,768,40542,6228,4930,11531,1372,722,178,22,14,698,150,15,10108,1084,759,17,3,1
대전광역시,161327,24251,18835,2985356.0,4.5,8707,1445,991,4074,1082,774,2450,176,117,4738,777,754,3139,681,433,3878,644,330,30533,4393,2993,464,75,96,1799,363,229,23712,5066,4485,16190,1028,928,41085,6406,5243,10583,1174,791,140,7,8,112,20,4,9718,914,658,5,0,1
울산광역시,117345,18207,13848,3122883.0,1.2,6102,998,638,2828,667,474,1458,86,59,3665,628,479,2625,539,468,3301,537,521,19700,3141,1757,268,50,47,461,82,59,20601,4455,3764,12491,883,657,24777,3813,3091,9146,1038,670,241,21,18,60,8,1,9607,1259,1144,14,2,1
세종특별자치시,21233,5418,2395,0.0,0.0,749,176,83,517,257,97,246,51,12,664,209,123,338,88,38,439,99,38,6706,2221,673,32,16,7,185,48,28,3088,859,502,1676,212,98,3610,838,495,1559,186,99,45,3,2,75,16,5,1296,139,93,8,0,2
경기도,1412281,226929,152974,2970904.0,4.1,60640,10709,7115,29763,8560,5321,15625,1376,686,36753,7269,5381,25344,5816,3617,30533,5389,3106,327147,53511,29183,3093,686,567,17438,3535,2160,168288,36582,30543,137871,12777,7622,309949,52487,39626,83713,12159,7172,2361,195,154,1091,202,37,162575,15668,10676,97,8,8
강원도,170771,24542,18357,2727782.0,6.2,9361,1279,932,4030,961,657,1732,119,79,4266,733,622,2743,494,375,2736,356,207,25771,4283,2637,323,58,59,799,143,112,37948,7076,5864,12887,912,675,40143,5631,4669,18444,1346,782,389,26,18,690,246,19,8352,861,642,157,18,8
충청북도,174379,25381,19007,2774278.0,5.4,8687,1294,892,3909,1005,692,1871,140,80,4169,583,589,3203,659,467,2737,368,199,27434,4364,2809,347,62,86,781,158,113,29755,6045,5116,17999,1271,993,40803,6105,5008,16279,1420,859,474,37,31,1073,261,34,14779,1601,1029,79,8,10
충청남도,218770,33544,24237,3073036.0,4.6,11131,1575,1091,4396,1172,782,2442,164,111,4870,827,742,4057,913,595,3416,469,287,33726,5806,3486,362,63,61,901,184,109,37940,7653,6328,20276,1972,1270,52981,7956,6481,20146,1980,1221,525,50,33,1960,529,72,19524,2222,1554,117,9,14
전라북도,188930,27466,20148,2616967.0,2.7,9676,1387,941,3534,959,605,2551,172,102,5340,885,755,3108,597,387,3314,470,240,24329,3731,2547,361,96,84,790,165,120,29199,6062,5008,20443,1481,1036,49735,7233,6001,17419,1760,1056,383,24,21,5578,1010,121,13088,1425,1112,82,9,12
전라남도,184172,27251,19962,2938553.0,2.9,8960,1362,903,3219,865,584,2058,149,84,3895,696,551,2382,452,311,2735,388,212,19834,3689,2313,245,44,54,680,123,78,32664,6527,5390,22559,1726,1098,47906,7205,5690,18870,1565,1002,486,33,26,3537,617,80,13449,1670,1459,693,140,127
경상북도,285833,40860,30602,2916120.0,5.0,14414,1944,1431,5568,1300,887,2867,178,119,6719,1132,1009,4865,1099,774,4128,561,313,36099,6025,3658,510,121,95,1145,231,140,51177,9964,8633,29804,2206,1465,67290,9740,7882,26499,2302,1358,830,76,53,1589,390,44,32149,3574,2727,180,17,14
경상남도,360481,54359,41010,2889391.0,4.5,17326,2630,1862,6449,1733,1048,3842,302,173,9668,1782,1370,7687,2191,1469,7878,1378,896,53796,9152,5296,686,144,128,1251,202,136,63963,13130,11232,32141,2241,1594,80717,12066,9490,27187,2480,1651,802,48,43,914,186,27,46086,4690,4587,88,4,8
제주특별자치도,79309,16050,9030,2389239.0,4.2,3724,548,376,1643,367,211,868,86,33,1987,380,288,1902,352,231,1492,271,134,14131,4862,1603,150,34,19,467,88,56,17412,4255,2980,7274,576,382,17610,2886,2070,7450,980,435,104,17,4,261,25,3,2819,323,205,15,0,0
서울특별시,1341759,194876,151234,3445867.0,2.4,52120,7521,6267,28086,6008,4603,19182,1292,825,32062,5647,4492,28722,4998,3342,65134,10475,6121,363579,54964,36475,12278,1919,1457,44624,7186,4502,144197,25921,23492,88457,11547,11543,326251,44574,38271,61125,6343,4199,511,36,31,353,62,16,75034,6380,5597,44,3,1
부산광역시,405205,55497,44055,2786616.0,3.4,19518,2777,2162,7489,1458,1254,5429,368,198,9618,1739,1414,8479,1833,1222,9569,1451,1050,76873,12098,7598,1293,202,207,2697,498,326,53834,10603,9364,50146,2987,2731,100555,13900,11941,22958,2789,1920,495,35,26,110,17,5,36131,2740,2636,11,2,1
대구광역시,283123,38961,30533,2634209.0,6.5,13198,2068,1508,5806,1119,979,4049,244,137,8025,1438,1140,5187,1088,726,6119,802,499,50233,7716,5057,835,119,130,1953,337,224,37576,7402,6825,30176,2059,1697,70901,10226,8510,16718,1797,1141,350,19,18,228,37,7,31763,2490,1933,6,0,2
인천광역시,309775,49625,38986,2913439.0,2.6,14772,2597,2070,7365,1754,1465,3571,272,162,7399,1519,1142,6303,1513,1007,6074,1021,654,66309,11093,6998,806,170,135,2812,631,402,39895,8235,7797,29894,3723,2995,71585,11563,10054,20380,2895,1889,528,38,30,151,31,4,31911,2570,2180,20,0,2
광주광역시,155837,24448,19352,2731776.0,3.8,8948,1548,1173,3860,941,777,2406,210,134,5407,936,814,3257,611,438,3829,566,327,26512,4371,2949,533,97,86,1158,204,134,22840,5128,4551,12138,1203,905,41336,6076,5360,12186,1322,884,183,18,10,843,139,19,10384,1078,788,17,0,3
대전광역시,166399,24582,19500,3071837.0,2.9,9032,1366,1092,4184,939,775,2457,135,106,4811,855,741,3429,750,538,4118,569,353,32429,4881,3301,429,62,62,1933,365,235,23939,4923,4508,16494,1227,963,41838,6256,5411,11113,1325,754,139,8,4,168,40,4,9882,881,651,4,0,2
울산광역시,121588,18620,15370,3169771.0,1.5,6440,999,788,3038,698,528,1451,68,52,3894,721,556,2797,649,488,3184,464,620,21640,3686,2292,263,49,33,517,112,79,21008,4283,3881,12543,902,740,25509,4001,3453,9658,1044,796,243,22,19,73,11,5,9317,911,1040,13,0,0
세종특별자치시,26096,7069,3318,0.0,0.0,909,228,113,582,175,110,302,64,9,1031,463,225,510,188,80,536,133,64,9312,3212,1046,38,10,4,260,79,30,3502,942,662,1779,156,109,4164,988,640,1649,233,122,44,3,3,86,16,2,1387,179,99,5,0,0
경기도,1502557,241291,171348,3102230.0,4.4,64310,10878,8152,31639,7438,5612,16050,1249,678,39167,7931,6139,29098,7099,4349,33465,5652,3374,363784,66148,39517,3256,702,579,19450,3914,2495,171633,35100,30654,143813,13446,9202,323715,52606,41828,91253,13376,7878,2427,218,126,1477,376,51,167921,15147,10702,99,11,12
강원도,177905,25527,20820,2804556.0,2.8,9695,1267,1141,4270,927,759,1766,119,76,4404,777,694,2971,621,422,2935,380,234,27822,4588,3320,342,74,62,859,168,126,39037,7139,6353,13165,967,812,41035,5690,5135,19425,1531,950,395,25,12,1103,426,22,8520,816,685,161,12,17
충청북도,182418,26974,21095,2888651.0,4.1,9185,1392,1165,4136,959,777,1925,132,95,4191,642,601,3558,807,472,2947,391,248,30010,5316,3605,305,56,47,830,157,106,30478,6008,5463,18488,1417,1060,41712,6107,5216,17335,1639,962,466,19,31,1393,347,60,15377,1570,1183,82,15,4
충청남도,231187,36611,26908,3139647.0,2.2,11798,1764,1377,4818,1223,921,2518,200,123,5040,952,748,4727,1214,756,3695,544,303,37440,7042,4396,352,56,60,1010,212,147,39122,7758,6670,21065,2056,1443,54506,8190,6863,21471,2371,1367,548,51,27,2559,673,82,20406,2294,1605,112,11,20
전라북도,195980,27719,22759,2750571.0,5.1,10172,1442,1190,3822,884,761,2591,131,101,5437,851,837,3348,636,449,3568,488,309,26005,4123,2913,329,55,66,851,184,131,30015,6011,5430,20731,1454,1279,50524,7109,6750,18264,1846,1151,393,29,22,6527,1097,136,13327,1372,1224,76,7,10
전라남도,192084,27595,21912,2996396.0,2.0,9522,1468,1235,3390,768,628,2106,147,109,4086,751,647,2711,624,359,2909,366,271,21408,3737,2616,242,44,39,735,129,94,33833,6674,5925,23238,1609,1166,49404,7308,6244,19653,1604,973,510,49,35,4203,740,101,13491,1496,1357,643,81,113
경상북도,297324,41934,34546,2986091.0,2.4,14973,1997,1705,5846,1212,1043,2918,173,98,6831,1154,1044,5243,1129,890,4382,561,374,39594,6970,4937,505,88,75,1231,213,177,52237,9946,9214,30608,2142,1602,69193,9951,8929,27702,2397,1504,837,66,55,2152,596,40,32887,3321,2843,185,18,16
경상남도,374215,55178,45861,2943459.0,1.9,18273,2865,2288,6896,1509,1246,3919,275,170,10099,1832,1606,8324,2173,1848,8281,1252,1469,59029,10373,6740,660,98,103,1359,237,160,65373,12990,11573,33034,2301,1712,83284,12473,10847,28146,2390,1860,814,64,38,1177,280,42,45456,4056,4148,91,10,11
제주특별자치도,87291,16833,10700,2456978.0,2.8,3939,594,431,1818,393,296,920,81,38,2050,352,303,2048,380,231,1695,303,148,17973,5257,2428,153,21,29,528,102,60,18697,4390,3337,7434,575,408,18378,2831,2218,8271,1167,528,114,14,10,332,70,7,2924,303,228,17,0,0
서울특별시,1372076,194628,146325,3563940.0,3.4,53390,7851,5935,28323,5198,4752,19436,1239,836,33475,6080,4724,29940,4819,3197,69198,10781,6303,386209,60871,36929,11933,1700,1857,47703,7903,4856,144101,25004,22262,84097,8588,6498,325526,41812,38117,62920,6459,4422,510,40,22,480,121,29,74787,6157,5579,48,5,7
부산광역시,412641,53937,43857,2962069.0,6.3,20207,2904,1945,7447,1301,1233,5559,365,204,10104,1929,1486,8968,1742,1203,9861,1384,979,81483,12545,8368,1291,199,209,2853,482,355,54278,10193,8990,49930,2985,2844,100403,12472,11702,23499,2662,1867,507,41,22,150,35,6,36089,2697,2443,12,1,1
대구광역시,288468,37788,30665,2766527.0,5.0,13956,2279,1514,5804,1049,927,4121,215,127,8482,1619,1232,5602,1157,813,6416,815,488,52808,7804,4988,809,106,110,2069,347,256,37681,7193,6450,30108,1975,1682,70793,9007,8753,17312,1885,1289,360,30,17,305,74,10,31835,2230,2008,7,3,1
인천광역시,321747,52435,37431,3013149.0,3.4,15364,2737,1844,7523,1692,1399,3638,254,146,7988,1754,1202,6851,1564,1060,6569,1147,675,72805,13833,7715,823,168,148,3059,653,409,40163,8301,6984,29918,3187,2149,72229,11223,9718,21794,3229,1883,562,64,30,204,47,8,32234,2578,2058,23,4,3
광주광역시,164928,25624,19121,2803147.0,2.6,9395,1629,1181,3853,815,725,2434,193,138,5527,968,803,3461,669,471,4101,635,389,28190,4682,2779,543,93,81,1260,229,165,23053,4911,4477,17331,2587,949,41329,5652,5280,12700,1422,835,187,14,8,1039,164,34,10507,959,804,18,2,2
대전광역시,169835,23752,19246,3189820.0,3.8,9453,1547,1068,4163,813,775,2473,143,104,4998,931,758,3678,782,540,4402,632,405,33643,4668,3135,441,77,64,2049,359,264,23928,4644,4178,16716,1195,1055,41800,5677,5301,11682,1397,930,148,14,9,210,33,6,10049,840,654,2,0,0
울산광역시,122855,17485,15324,3279013.0,3.4,6677,1046,770,3048,575,552,1479,76,58,4026,696,635,2914,610,490,2957,425,426,22479,3224,2390,258,32,44,549,109,88,20983,4040,3754,12664,905,692,25315,3491,3490,9700,972,816,249,25,15,92,20,5,9451,1238,1096,14,1,3
세종특별자치시,30225,7212,3774,0.0,0.0,1137,320,142,605,133,109,346,57,9,1308,496,256,599,162,105,660,166,73,11398,3073,1295,39,6,2,327,76,34,3882,1059,639,1908,230,138,4544,962,685,1806,222,137,51,8,3,136,49,6,1473,192,141,6,1,0
경기도,1584941,254181,178541,3236256.0,4.3,68009,11832,7531,32453,6692,5428,16485,1212,662,41975,8953,6526,32565,7556,4749,36765,6248,3702,402400,79263,45578,3292,627,510,21708,4521,2769,174885,35215,29278,147822,13754,9321,331411,49364,42118,97762,13404,8624,2608,300,125,2222,706,60,172492,14533,11552,87,1,8
강원도,183161,26326,19998,2931838.0,4.5,9878,1302,952,4248,771,740,1788,111,78,4421,702,702,3171,615,433,3120,380,237,31005,6484,3282,342,58,55,919,175,123,39267,6712,5985,13287,926,770,40463,4866,4980,20193,1648,961,415,35,15,1872,754,37,8613,772,634,159,15,14
충청북도,186439,25517,20128,3035381.0,5.1,9413,1415,958,4123,812,761,1944,120,72,4372,775,600,4045,943,609,3172,462,275,30626,4314,3048,307,48,47,883,157,128,30766,5907,5153,18665,1291,1084,41789,5479,5009,18133,1727,1104,477,42,24,1789,416,47,15850,1601,1200,85,8,9
충청남도,239893,36374,27676,3246198.0,3.4,12379,1936,1319,4919,1047,888,2560,187,131,5376,1105,857,5254,1280,974,3940,536,329,40314,7315,4470,357,64,56,1108,239,164,39902,7740,6849,21504,1931,1444,54691,7340,6749,22260,2234,1531,584,64,38,3621,1138,119,21021,2206,1747,103,12,11
전라북도,201013,28463,21341,2901251.0,5.5,10554,1562,1091,3820,786,692,2637,164,93,5573,971,795,3620,716,506,3810,519,303,26988,3922,2587,340,74,48,900,177,107,30280,5874,5163,20719,1471,1203,49906,6490,6126,19122,1948,1242,413,46,22,8723,2336,219,13525,1391,1136,83,16,8
전라남도,196936,27300,20777,3145992.0,5.0,9824,1516,1054,3416,678,583,2151,160,90,4223,790,637,3115,724,482,3083,431,246,22874,4091,2295,251,50,30,807,156,79,33882,6142,5494,23375,1571,1238,49024,6157,5853,20731,1941,1086,521,49,29,5324,1204,163,13726,1555,1259,609,85,159
경상북도,302289,39962,33296,3151486.0,5.5,15408,2140,1494,5827,1058,982,2973,172,125,7107,1309,1228,5483,1122,898,4612,568,360,40658,6022,4265,483,62,70,1272,213,146,52277,9480,8496,31179,2197,1809,68573,8567,8629,28674,2571,1744,898,101,53,3148,1002,69,33529,3358,2906,188,20,22
경상남도,379700,52830,43544,3054555.0,3.8,18916,2911,1961,6897,1313,1160,3990,253,163,10405,1929,1673,8306,1909,1506,7921,1112,922,60945,8834,6432,634,83,104,1442,238,187,65910,12541,11146,33580,2394,1841,83046,11003,10460,28889,2880,1983,864,89,40,1731,561,43,46138,4772,3914,86,8,9
제주특별자치도,92637,15938,11039,2584690.0,5.2,4169,656,394,1933,412,291,960,78,25,2160,416,327,2267,442,300,1888,334,164,19672,4004,2418,160,33,22,619,121,94,19901,4586,3371,7580,555,388,18888,2744,2304,8800,1074,689,116,10,7,490,161,11,3016,312,234,18,0,0
서울특별시,1416145,203968,157419,3704202.0,3.9,55500,8402,6014,28726,5436,4550,19755,1317,751,35115,6522,4826,31284,4831,3729,73680,11388,6577,408881,61772,43168,10835,1839,1382,50625,8198,4590,145418,25111,21487,90192,12808,13501,325424,42897,36709,64627,6903,4621,525,42,22,634,167,30,74877,6329,5459,47,6,3
부산광역시,425613,59057,46120,3050186.0,3.0,21545,3345,2350,7451,1323,1296,5652,334,165,10741,2169,1522,9250,1546,1223,10430,1573,964,87182,14441,10194,1264,203,168,3064,589,367,55589,10664,8669,50979,3721,2945,101317,13569,11817,24156,2741,1874,530,42,29,195,46,7,36258,2750,2529,10,1,1
대구광역시,296026,39971,31954,2908433.0,5.1,14984,2565,1597,5950,1117,985,4212,238,137,8959,1717,1352,5686,903,827,6806,902,547,55658,7992,6234,847,152,118,2154,358,233,38829,7860,6652,30416,2163,1651,71064,9712,8310,17756,1968,1278,380,36,18,477,135,11,31841,2151,2002,7,2,2
인천광역시,349166,66264,44121,3121843.0,3.6,16594,3115,2066,7710,1686,1459,3746,251,147,8628,1883,1428,7280,1520,1165,7260,1346,806,84059,19140,12905,865,176,156,3365,686,456,41564,8686,6818,37998,10101,2710,73512,11826,9854,22995,3132,1983,618,80,33,329,117,7,32622,2518,2128,21,1,0
광주광역시,171046,26072,20168,2942622.0,5.0,10069,1885,1261,3985,908,799,2470,189,112,5804,1068,948,3602,609,512,4397,672,356,30338,4966,3627,563,102,66,1328,260,166,23573,5169,4460,18077,1716,1141,41178,5575,5013,13499,1658,867,197,16,8,1340,297,36,10605,977,794,21,5,2
대전광역시,175607,25967,20230,3287005.0,3.0,9951,1605,1085,4174,831,706,2515,159,97,5218,1009,906,3743,624,500,4692,713,394,36264,5926,4318,465,90,74,2242,458,242,24400,4852,4061,17100,1459,1074,42006,5833,5212,12136,1457,866,155,16,8,281,64,5,10260,869,682,5,2,0
울산광역시,124994,18373,15227,3377777.0,3.0,7122,1238,759,3027,551,563,1489,76,49,4135,786,655,2885,479,432,2997,467,364,23628,3604,2896,264,46,22,559,106,63,21273,4205,3706,12836,949,744,25066,3486,3244,9747,1059,821,253,21,14,151,55,3,9549,1244,890,13,1,2
세종특별자치시,34276,7712,4389,0.0,0.0,1308,310,167,635,147,122,396,54,20,1583,526,287,667,159,100,786,187,88,13429,3264,1616,51,15,7,434,115,50,4319,1128,767,1950,190,112,4981,1080,744,1955,281,148,55,7,5,190,54,5,1530,195,150,7,0,1
경기도,1678685,273263,192192,3384598.0,4.6,73957,13491,8340,33584,6967,5612,17045,1330,623,45313,10026,7022,35181,7214,5286,41340,7765,4171,440332,84559,54493,3569,735,601,25081,5789,3055,181504,37416,29142,153068,14823,10594,342305,52700,42502,104331,14471,8806,2785,299,140,3642,1355,125,175555,14310,11669,93,13,11
강원도,190426,27969,20767,3049958.0,4.0,10591,1640,1164,4301,807,734,1826,115,75,4574,870,744,3348,604,472,3383,485,255,33047,5497,3933,345,61,48,983,186,142,40147,7211,5973,13602,1034,734,40439,5238,4554,21044,1882,1034,429,34,24,3191,1289,141,9019,1005,729,157,11,11
충청북도,194971,29192,21233,3142720.0,3.5,10153,1707,1097,4215,906,734,1978,117,59,4588,834,737,4202,799,610,3355,453,251,32941,5391,3646,321,62,58,926,177,103,31578,6230,5149,18988,1414,1074,42507,5918,5161,18842,1865,1159,506,49,26,3349,1540,115,16432,1717,1246,90,13,8
충청남도,250195,38628,27463,3372295.0,3.9,13250,2191,1384,5062,1079,914,2557,147,112,5800,1284,966,5303,1051,847,4286,642,366,42695,6885,4755,367,70,66,1227,262,155,40653,7821,6429,22012,2041,1481,55512,7776,6570,22963,2391,1454,644,97,30,6133,2593,187,21620,2281,1734,111,17,13
전라북도,211967,33252,22522,2992628.0,3.1,11290,1876,1180,3978,900,721,2692,160,110,5832,1095,902,3800,678,541,4141,621,348,28844,4406,3178,416,118,80,1017,218,132,31283,6353,5126,21172,1769,1186,50215,6946,6165,20184,2418,1294,445,53,20,12530,4012,287,14042,1619,1244,86,10,8
전라남도,207370,31786,22044,3235215.0,2.8,10626,1847,1191,3561,741,592,2174,131,75,4478,904,798,3258,623,502,3412,572,258,25613,4962,3260,270,43,59,931,183,94,34689,6611,5194,23852,1833,1336,49561,6796,5811,21987,2271,1201,556,59,24,7485,2306,244,14387,1824,1281,530,80,124
경상북도,311422,43204,33902,3262945.0,3.5,16486,2558,1787,5947,1129,1037,3032,200,124,7290,1438,1234,5583,1017,881,4928,678,402,42664,6240,5027,491,75,71,1380,256,164,53384,9889,8296,31501,2321,1773,68791,9159,8312,29511,2688,1668,953,111,41,5144,1959,127,34136,3452,2935,201,34,23
경상남도,390210,55203,43808,3190336.0,4.4,20232,3291,2142,7103,1444,1258,4037,237,148,10897,2181,1636,8626,1826,1466,8367,1329,869,63362,8909,7561,636,101,74,1552,292,167,67043,12732,10721,34364,2596,1845,83557,11406,10043,29643,2956,1942,902,85,45,2873,1101,70,46932,4711,3814,84,6,7
제주특별자치도,98425,16898,12834,2710704.0,4.9,4510,749,462,2022,384,310,994,68,33,2356,520,348,2368,409,341,2065,330,170,21935,4517,3819,171,29,13,647,120,87,21046,4653,3444,7972,728,528,19267,2758,2255,9050,1025,736,126,19,10,713,224,14,3165,365,264,18,0,0
서울특별시,1461274,216971,167815,3745761.0,1.1,56747,7729,6318,28286,4661,4504,20064,1196,707,36491,6496,4490,32564,5708,4381,79148,12625,6964,437586,73517,48754,11097,1773,1530,54756,9034,5009,144760,23016,21155,83120,7744,15395,333691,49581,39156,66195,6934,4251,548,47,19,747,132,38,75430,6775,5136,44,3,8
부산광역시,439033,61626,47941,3124238.0,2.4,21972,2890,2363,7180,1156,1159,5767,307,188,11391,2189,1495,9103,1648,1272,11091,1652,1029,94538,17641,11995,1299,211,171,3382,674,367,56289,9936,8884,51900,3405,2895,103209,14454,12091,24962,2763,1811,540,38,28,242,46,13,36156,2613,2177,12,3,3
대구광역시,303699,41361,31787,2939627.0,1.1,15640,2325,1678,5750,884,993,4241,192,119,9365,1783,1201,5532,1001,744,7275,985,590,59954,10664,6909,847,123,96,2311,417,250,38613,6816,6312,31002,2153,1730,71749,9605,8142,18628,2182,1205,398,36,22,610,122,15,31778,2072,1779,6,1,2
인천광역시,365175,62574,43775,3172498.0,1.6,17184,2770,1978,7493,1373,1304,3768,200,113,8803,1651,1112,7768,1828,1173,7890,1456,778,91945,21438,13898,842,152,120,3747,824,462,42534,8314,6502,38543,3382,2561,76415,13214,9952,24256,3340,1886,634,45,38,385,67,17,32945,2517,1877,23,3,4
광주광역시,176875,26695,19786,2989188.0,1.6,10360,1599,1241,3928,770,709,2489,145,106,5812,993,704,3641,739,496,4827,793,417,33166,6472,3978,574,86,81,1424,270,154,23426,4540,4246,18711,1552,1095,41650,5810,4847,14350,1709,892,205,17,9,1574,243,46,10720,957,763,18,0,2
대전광역시,182770,28477,20898,3301865.0,0.5,10385,1531,1240,4079,707,717,2503,107,83,5294,1014,739,3740,725,467,5054,790,422,40119,8282,5152,451,68,46,2507,516,276,24442,4388,3958,17609,1376,1059,42855,6405,5223,12728,1517,844,168,22,4,349,53,19,10480,974,648,7,2,1
울산광역시,127964,18979,15431,3438056.0,1.8,7439,1100,875,2877,448,511,1489,63,33,4389,900,589,2906,617,469,3007,415,371,25002,4257,3144,323,81,77,633,127,84,21390,3960,3534,13048,909,728,25368,3754,3278,9846,1148,752,255,15,13,220,64,10,9761,1121,962,11,0,1
세종특별자치시,38435,8392,5165,3423078.0,0.0,1471,327,208,673,151,114,410,37,16,1817,508,339,683,154,111,959,244,122,15585,3706,2002,51,5,10,525,136,68,4502,1004,763,2067,195,134,5669,1361,954,2078,264,161,57,5,2,254,59,9,1627,235,152,7,1,0
경기도,1784184,299179,198673,3467004.0,2.4,77741,12260,8777,33355,6011,5637,17493,1134,635,47776,9625,6554,38349,9286,5615,47825,9853,4753,482682,97751,58163,3725,718,541,30066,7614,3503,185498,35475,28312,157307,14853,10740,364080,63145,45886,111209,15244,8572,2954,280,157,4957,1283,183,179078,14639,10638,89,8,7
강원도,199115,29874,21188,3053154.0,0.1,10881,1484,1285,4234,711,720,1844,109,68,4820,1008,683,3499,753,483,3665,513,282,36976,7735,4549,365,66,63,1092,223,148,40212,6377,5578,14080,1124,821,41336,5554,4550,22007,2040,1076,443,28,10,4264,1175,158,9237,960,698,160,14,16
충청북도,204172,30765,22474,3203545.0,1.9,10562,1528,1265,4217,781,809,2015,110,67,4779,924,591,4228,837,626,3705,574,275,36446,7048,4544,312,52,36,1047,210,132,31979,5832,5190,19528,1438,1054,43281,6103,5331,19571,1970,1116,537,50,28,4999,1692,180,16878,1609,1217,88,7,13
충청남도,265705,43398,29308,3397234.0,0.7,13878,2022,1559,5033,943,905,2550,129,74,6008,1174,909,5523,1285,831,4753,794,418,48399,10368,6235,352,58,50,1414,319,194,41174,7390,6215,22866,2050,1498,57178,8409,6797,24070,2582,1549,677,67,41,9415,3453,347,22306,2345,1681,109,10,5
전라북도,224779,35752,23203,3028036.0,1.2,11770,1675,1260,3933,713,674,2696,132,94,6035,1111,778,3772,736,530,4512,711,359,32241,6398,4085,404,77,58,1130,242,148,31455,5543,4898,21669,1536,1250,50755,6953,5932,21349,2486,1392,489,57,25,18102,5800,496,14377,1573,1216,90,9,8
전라남도,219445,34249,22803,3252923.0,0.5,11167,1733,1342,3663,752,670,2198,101,83,4567,879,604,3357,774,518,3766,570,354,28643,6273,3766,243,38,33,1055,225,106,35439,6175,5237,24609,1986,1409,50512,6948,5656,23449,2388,1189,590,57,31,10767,3502,378,14892,1720,1310,528,128,117
경상북도,322277,44946,33437,3318498.0,1.7,17024,2354,1827,5765,930,983,3021,119,120,7648,1563,1106,5660,1145,868,5271,723,446,45599,7894,5450,496,77,84,1481,258,165,54074,9291,7976,32230,2323,1712,69815,9471,8002,30722,2822,1665,985,69,51,7750,2617,260,34547,3277,2702,189,13,20
경상남도,403797,58729,45268,3260329.0,2.2,21223,3176,2337,6929,1155,1185,4074,197,159,11810,2558,1600,8701,1933,1544,8753,1233,1075,68073,12314,8704,684,123,115,1783,386,187,68287,12322,10652,35193,2569,1895,85322,12160,10178,30665,3137,1805,944,79,45,4140,1286,130,47130,4090,3648,86,11,9
제주특별자치도,102151,16875,12269,2726806.0,0.6,4745,703,595,2107,400,276,1000,43,22,2682,666,398,2450,449,347,2356,455,216,22370,4361,3077,202,37,35,763,177,99,21803,4361,3366,8089,625,584,19877,2856,2288,9258,1053,674,134,16,5,995,290,22,3302,383,263,18,0,2
